,total_loss,geom_loss_A,geom_loss_P,geom_loss_T,R2_A,R2_P,R2_T,MSE_A,MSE_P,MSE_T,Var_A,Var_P,Var_T,n_samples
Zero,0.0034980180207639933,2.0444256065843547e-08,0.003497686004266143,3.1157208013610216e-07,,,,4.975611319514048e-14,1.3178527288189074e-05,3.6916121210794804e-12,0.0,0.0,0.0,66992
Low,0.1290641725063324,0.05348413065075874,0.06959334760904312,0.0059867072850465775,0.9786802043955022,0.8925611719922751,0.9505431335627167,69.97762901138657,39.45623079364094,0.009685591735832525,24409.459868015278,7376.404533094758,0.17280340762420077,72069
Mid,0.11752404272556305,0.0363960899412632,0.046023860573768616,0.03510409593582153,0.9961256458977926,0.9861405881143889,0.7425359144186932,1618.0080878520316,641.4280499958471,0.13834501016331946,3418955.6008776156,256009.05177456222,0.8090307372164451,74253
High,0.11281191557645798,0.014665489085018635,0.029030241072177887,0.06911618262529373,0.9840159779057079,0.9854962404078033,-6.540238102256346,15512.799574822468,4002.3010334153623,7.674364649801593,68668915.08052908,841856.9640975962,17.372491490550523,72069
All,0.09248141199350357,0.02667992003262043,0.03770171478390694,0.02809976413846016,0.9864215789073558,0.955451195150483,-1.6803062850566666,4356.170917154767,1187.573759311088,1.9764819519637296,18236989.99777087,281070.84081834526,4.641288434654786,285383
